model,image,series,condition,n_true,n_pred,count_diff,count_error,TP@0.5,FP@0.5,FN@0.5,precision@0.5,recall@0.5,F1@0.5,F1@0.75,gt_median_diam_px,time_s
cpsam_v2,CLD-AIM-04 PIG 10x Training Negativ_2,CLD-AIM-04,control,5,12,7,1.4,1,11,4,0.083,0.2,0.118,0,43.2,3.8
cpsam_v2,CLD-AIM-04 PIG 10x Training Positiv_10,CLD-AIM-04,differentiated,337,573,236,0.7,200,373,137,0.349,0.593,0.44,0.207,39,3.77
cpsam_v2,CLD-AIM-04 PIG 10x Training Positiv_11,CLD-AIM-04,differentiated,290,244,-46,-0.159,142,102,148,0.582,0.49,0.532,0.296,39.8,3.56
cpsam_v2,CLD-AIM-04 PIG 10x Training Positiv_12,CLD-AIM-04,differentiated,347,543,196,0.565,209,334,138,0.385,0.602,0.47,0.288,32.6,3.68
cpsam_v2,CLD-AIM-04 PIG 10x Training Positiv_13,CLD-AIM-04,differentiated,365,482,117,0.321,201,281,164,0.417,0.551,0.475,0.25,37,3.63
cpsam_v2,CLD-AIM-04 PIG 10x Training Positiv_14,CLD-AIM-04,differentiated,320,331,11,0.034,206,125,114,0.622,0.644,0.633,0.439,35.6,3.63
cpsam_v2,CLD-AIM-04 PIG 10x Training Positiv_15,CLD-AIM-04,differentiated,327,324,-3,-0.009,189,135,138,0.583,0.578,0.581,0.363,37.1,3.61
cpsam_v2,CLD-AIM-04 PIG 10x Training Positiv_16,CLD-AIM-04,differentiated,295,339,44,0.149,205,134,90,0.605,0.695,0.647,0.517,45.8,3.77
cpsam_v2,CLD-AIM-04 PIG 10x Training Positiv_17,CLD-AIM-04,differentiated,312,351,39,0.125,201,150,111,0.573,0.644,0.606,0.38,42,3.79
cpsam_v2,CLD-AIM-04 PIG 10x Training Positiv_18,CLD-AIM-04,differentiated,283,602,319,1.127,114,488,169,0.189,0.403,0.258,0.176,41.7,3.64
cpsam_v2,CLD-AIM-04 PIG 10x Training Positiv_19,CLD-AIM-04,differentiated,284,546,262,0.923,125,421,159,0.229,0.44,0.301,0.181,36,3.7
cpsam_v2,CLD-AIM-04 PIG 10x Training Positiv_21,CLD-AIM-04,differentiated,315,1953,1638,5.2,30,1923,285,0.015,0.095,0.026,0.018,39.8,3.65
cpsam_v2,CLD-AIM-04 PIG 10x Training Positiv_22,CLD-AIM-04,differentiated,394,2478,2084,5.289,27,2451,367,0.011,0.069,0.019,0.009,39,3.64
cpsam_v2,CLD-AIM-04 PIG 10x Training Positiv_23,CLD-AIM-04,differentiated,384,1653,1269,3.305,73,1580,311,0.044,0.19,0.072,0.047,33.2,3.73
cpsam_v2,CLD-AIM-04 PIG 10x Training Positiv_24,CLD-AIM-04,differentiated,427,2439,2012,4.712,55,2384,372,0.023,0.129,0.038,0.02,35.2,3.81
cpsam_v2,CLD-AIM-04 PIG 10x Training Positiv_25,CLD-AIM-04,differentiated,317,2401,2084,6.574,22,2379,295,0.009,0.069,0.016,0.011,34.7,3.65
cpsam_v2,CLD-AIM-04 PIG 10x Training Positiv_26,CLD-AIM-04,differentiated,358,1690,1332,3.721,58,1632,300,0.034,0.162,0.057,0.028,34.4,3.64
cpsam_v2,CLD-AIM-04 PIG 10x Training Positiv_27,CLD-AIM-04,differentiated,350,451,101,0.289,190,261,160,0.421,0.543,0.474,0.292,32.8,3.72
cpsam_v2,CLD-AIM-04 PIG 10x Training Positiv_28,CLD-AIM-04,differentiated,275,309,34,0.124,152,157,123,0.492,0.553,0.521,0.346,35.3,3.64
cpsam_v2,CLD-AIM-04 PIG 10x Training Positiv_29,CLD-AIM-04,differentiated,285,261,-24,-0.084,119,142,166,0.456,0.418,0.436,0.304,34.1,3.6
cpsam_v2,CLD-AIM-04 PIG 10x Training Positiv_30,CLD-AIM-04,differentiated,315,307,-8,-0.025,229,78,86,0.746,0.727,0.736,0.521,32,3.64
cpsam_v2,CLD-AIM-04 PIG 10x Training Positiv_7,CLD-AIM-04,differentiated,304,315,11,0.036,219,96,85,0.695,0.72,0.708,0.488,38.8,3.66
cpsam_v2,CLD-AIM-04 PIG 10x Training Positiv_8,CLD-AIM-04,differentiated,427,350,-77,-0.18,281,69,146,0.803,0.658,0.723,0.414,37.9,3.66
cpsam_v2,CLD-AIM-04 PIG 10x Training Positiv_9,CLD-AIM-04,differentiated,342,296,-46,-0.135,216,80,126,0.73,0.632,0.677,0.433,38.9,3.64
cpsam_v2,PAD11a_B1_10x_Diff,PAD11a,differentiated,361,370,9,0.025,246,124,115,0.665,0.681,0.673,0.435,36.1,3.7
cpsam_v2,PAD11a_D1_10x_Ctrl,PAD11a,control,5,71,66,13.2,3,68,2,0.042,0.6,0.079,0.079,37,3.52
cpsam_v2,PAD11c_B5_10x_Diff,PAD11c,differentiated,182,190,8,0.044,134,56,48,0.705,0.736,0.72,0.446,37.7,3.6
cpsam_v2,PAD11c_D5_10x_Ctrl,PAD11c,control,2,52,50,25,2,50,0,0.038,1,0.074,0.037,32.9,3.54
cpsam,CLD-AIM-04 PIG 10x Training Negativ_2,CLD-AIM-04,control,5,5,0,0,2,3,3,0.4,0.4,0.4,0,43.2,3.56
cpsam,CLD-AIM-04 PIG 10x Training Positiv_10,CLD-AIM-04,differentiated,337,464,127,0.377,228,236,109,0.491,0.677,0.569,0.322,39,3.67
cpsam,CLD-AIM-04 PIG 10x Training Positiv_11,CLD-AIM-04,differentiated,290,286,-4,-0.014,189,97,101,0.661,0.652,0.656,0.372,39.8,3.7
cpsam,CLD-AIM-04 PIG 10x Training Positiv_12,CLD-AIM-04,differentiated,347,361,14,0.04,204,157,143,0.565,0.588,0.576,0.35,32.6,3.67
cpsam,CLD-AIM-04 PIG 10x Training Positiv_13,CLD-AIM-04,differentiated,365,355,-10,-0.027,202,153,163,0.569,0.553,0.561,0.303,37,3.63
cpsam,CLD-AIM-04 PIG 10x Training Positiv_14,CLD-AIM-04,differentiated,320,281,-39,-0.122,218,63,102,0.776,0.681,0.725,0.489,35.6,3.65
cpsam,CLD-AIM-04 PIG 10x Training Positiv_15,CLD-AIM-04,differentiated,327,290,-37,-0.113,213,77,114,0.734,0.651,0.69,0.434,37.1,3.68
cpsam,CLD-AIM-04 PIG 10x Training Positiv_16,CLD-AIM-04,differentiated,295,320,25,0.085,210,110,85,0.656,0.712,0.683,0.494,45.8,3.77
cpsam,CLD-AIM-04 PIG 10x Training Positiv_17,CLD-AIM-04,differentiated,312,381,69,0.221,199,182,113,0.522,0.638,0.574,0.234,42,3.86
cpsam,CLD-AIM-04 PIG 10x Training Positiv_18,CLD-AIM-04,differentiated,283,542,259,0.915,141,401,142,0.26,0.498,0.342,0.218,41.7,3.67
cpsam,CLD-AIM-04 PIG 10x Training Positiv_19,CLD-AIM-04,differentiated,284,501,217,0.764,135,366,149,0.269,0.475,0.344,0.201,36,3.63
cpsam,CLD-AIM-04 PIG 10x Training Positiv_21,CLD-AIM-04,differentiated,315,2046,1731,5.495,24,2022,291,0.012,0.076,0.02,0.014,39.8,3.7
cpsam,CLD-AIM-04 PIG 10x Training Positiv_22,CLD-AIM-04,differentiated,394,3332,2938,7.457,16,3316,378,0.005,0.041,0.009,0.005,39,3.68
cpsam,CLD-AIM-04 PIG 10x Training Positiv_23,CLD-AIM-04,differentiated,384,1221,837,2.18,81,1140,303,0.066,0.211,0.101,0.035,33.2,3.7
cpsam,CLD-AIM-04 PIG 10x Training Positiv_24,CLD-AIM-04,differentiated,427,2002,1575,3.689,38,1964,389,0.019,0.089,0.031,0.019,35.2,3.77
cpsam,CLD-AIM-04 PIG 10x Training Positiv_25,CLD-AIM-04,differentiated,317,2065,1748,5.514,35,2030,282,0.017,0.11,0.029,0.013,34.7,3.69
cpsam,CLD-AIM-04 PIG 10x Training Positiv_26,CLD-AIM-04,differentiated,358,1869,1511,4.221,20,1849,338,0.011,0.056,0.018,0.011,34.4,3.64
cpsam,CLD-AIM-04 PIG 10x Training Positiv_27,CLD-AIM-04,differentiated,350,431,81,0.231,189,242,161,0.439,0.54,0.484,0.277,32.8,3.72
cpsam,CLD-AIM-04 PIG 10x Training Positiv_28,CLD-AIM-04,differentiated,275,353,78,0.284,173,180,102,0.49,0.629,0.551,0.296,35.3,3.72
cpsam,CLD-AIM-04 PIG 10x Training Positiv_29,CLD-AIM-04,differentiated,285,243,-42,-0.147,134,109,151,0.551,0.47,0.508,0.307,34.1,3.67
cpsam,CLD-AIM-04 PIG 10x Training Positiv_30,CLD-AIM-04,differentiated,315,359,44,0.14,229,130,86,0.638,0.727,0.68,0.395,32,3.7
cpsam,CLD-AIM-04 PIG 10x Training Positiv_7,CLD-AIM-04,differentiated,304,364,60,0.197,249,115,55,0.684,0.819,0.746,0.485,38.8,3.74
cpsam,CLD-AIM-04 PIG 10x Training Positiv_8,CLD-AIM-04,differentiated,427,436,9,0.021,327,109,100,0.75,0.766,0.758,0.505,37.9,3.73
cpsam,CLD-AIM-04 PIG 10x Training Positiv_9,CLD-AIM-04,differentiated,342,285,-57,-0.167,223,62,119,0.782,0.652,0.711,0.466,38.9,3.67
cpsam,PAD11a_B1_10x_Diff,PAD11a,differentiated,361,312,-49,-0.136,198,114,163,0.635,0.548,0.588,0.351,36.1,3.71
cpsam,PAD11a_D1_10x_Ctrl,PAD11a,control,5,79,74,14.8,4,75,1,0.051,0.8,0.095,0.095,37,3.51
cpsam,PAD11c_B5_10x_Diff,PAD11c,differentiated,182,202,20,0.11,127,75,55,0.629,0.698,0.661,0.375,37.7,3.61
cpsam,PAD11c_D5_10x_Ctrl,PAD11c,control,2,57,55,27.5,2,55,0,0.035,1,0.068,0.068,32.9,3.56
cpdino,CLD-AIM-04 PIG 10x Training Negativ_2,CLD-AIM-04,control,5,87,82,16.4,0,87,5,0,0,0,0,43.2,3.38
cpdino,CLD-AIM-04 PIG 10x Training Positiv_10,CLD-AIM-04,differentiated,337,344,7,0.021,272,72,65,0.791,0.807,0.799,0.458,39,3.56
cpdino,CLD-AIM-04 PIG 10x Training Positiv_11,CLD-AIM-04,differentiated,290,298,8,0.028,217,81,73,0.728,0.748,0.738,0.452,39.8,3.54
cpdino,CLD-AIM-04 PIG 10x Training Positiv_12,CLD-AIM-04,differentiated,347,362,15,0.043,251,111,96,0.693,0.723,0.708,0.426,32.6,3.55
cpdino,CLD-AIM-04 PIG 10x Training Positiv_13,CLD-AIM-04,differentiated,365,342,-23,-0.063,281,61,84,0.822,0.77,0.795,0.481,37,3.52
cpdino,CLD-AIM-04 PIG 10x Training Positiv_14,CLD-AIM-04,differentiated,320,286,-34,-0.106,242,44,78,0.846,0.756,0.799,0.551,35.6,3.5
cpdino,CLD-AIM-04 PIG 10x Training Positiv_15,CLD-AIM-04,differentiated,327,287,-40,-0.122,227,60,100,0.791,0.694,0.739,0.482,37.1,3.51
cpdino,CLD-AIM-04 PIG 10x Training Positiv_16,CLD-AIM-04,differentiated,295,284,-11,-0.037,229,55,66,0.806,0.776,0.791,0.608,45.8,3.58
cpdino,CLD-AIM-04 PIG 10x Training Positiv_17,CLD-AIM-04,differentiated,312,306,-6,-0.019,225,81,87,0.735,0.721,0.728,0.382,42,3.69
cpdino,CLD-AIM-04 PIG 10x Training Positiv_18,CLD-AIM-04,differentiated,283,289,6,0.021,226,63,57,0.782,0.799,0.79,0.57,41.7,3.57
cpdino,CLD-AIM-04 PIG 10x Training Positiv_19,CLD-AIM-04,differentiated,284,282,-2,-0.007,212,70,72,0.752,0.746,0.749,0.424,36,3.54
cpdino,CLD-AIM-04 PIG 10x Training Positiv_21,CLD-AIM-04,differentiated,315,1549,1234,3.917,69,1480,246,0.045,0.219,0.074,0.04,39.8,3.56
cpdino,CLD-AIM-04 PIG 10x Training Positiv_22,CLD-AIM-04,differentiated,394,2194,1800,4.569,84,2110,310,0.038,0.213,0.065,0.03,39,3.63
cpdino,CLD-AIM-04 PIG 10x Training Positiv_23,CLD-AIM-04,differentiated,384,747,363,0.945,161,586,223,0.216,0.419,0.285,0.126,33.2,3.61
cpdino,CLD-AIM-04 PIG 10x Training Positiv_24,CLD-AIM-04,differentiated,427,598,171,0.4,245,353,182,0.41,0.574,0.478,0.281,35.2,3.7
cpdino,CLD-AIM-04 PIG 10x Training Positiv_25,CLD-AIM-04,differentiated,317,999,682,2.151,132,867,185,0.132,0.416,0.201,0.1,34.7,3.59
cpdino,CLD-AIM-04 PIG 10x Training Positiv_26,CLD-AIM-04,differentiated,358,678,320,0.894,149,529,209,0.22,0.416,0.288,0.189,34.4,3.55
cpdino,CLD-AIM-04 PIG 10x Training Positiv_27,CLD-AIM-04,differentiated,350,387,37,0.106,252,135,98,0.651,0.72,0.684,0.396,32.8,3.56
cpdino,CLD-AIM-04 PIG 10x Training Positiv_28,CLD-AIM-04,differentiated,275,410,135,0.491,201,209,74,0.49,0.731,0.587,0.315,35.3,3.6
cpdino,CLD-AIM-04 PIG 10x Training Positiv_29,CLD-AIM-04,differentiated,285,254,-31,-0.109,175,79,110,0.689,0.614,0.649,0.408,34.1,3.51
cpdino,CLD-AIM-04 PIG 10x Training Positiv_30,CLD-AIM-04,differentiated,315,388,73,0.232,262,126,53,0.675,0.832,0.745,0.45,32,3.54
cpdino,CLD-AIM-04 PIG 10x Training Positiv_7,CLD-AIM-04,differentiated,304,386,82,0.27,248,138,56,0.642,0.816,0.719,0.49,38.8,3.56
cpdino,CLD-AIM-04 PIG 10x Training Positiv_8,CLD-AIM-04,differentiated,427,458,31,0.073,348,110,79,0.76,0.815,0.786,0.463,37.9,3.62
cpdino,CLD-AIM-04 PIG 10x Training Positiv_9,CLD-AIM-04,differentiated,342,285,-57,-0.167,231,54,111,0.811,0.675,0.737,0.437,38.9,3.51
cpdino,PAD11a_B1_10x_Diff,PAD11a,differentiated,361,386,25,0.069,277,109,84,0.718,0.767,0.742,0.452,36.1,3.64
cpdino,PAD11a_D1_10x_Ctrl,PAD11a,control,5,84,79,15.8,5,79,0,0.06,1,0.112,0.045,37,3.39
cpdino,PAD11c_B5_10x_Diff,PAD11c,differentiated,182,182,0,0,137,45,45,0.753,0.753,0.753,0.5,37.7,3.48
cpdino,PAD11c_D5_10x_Ctrl,PAD11c,control,2,58,56,28,2,56,0,0.034,1,0.067,0.067,32.9,3.39
cpdino-vitb,CLD-AIM-04 PIG 10x Training Negativ_2,CLD-AIM-04,control,5,369,364,72.8,0,369,5,0,0,0,0,43.2,1.55
cpdino-vitb,CLD-AIM-04 PIG 10x Training Positiv_10,CLD-AIM-04,differentiated,337,363,26,0.077,277,86,60,0.763,0.822,0.791,0.497,39,1.76
cpdino-vitb,CLD-AIM-04 PIG 10x Training Positiv_11,CLD-AIM-04,differentiated,290,250,-40,-0.138,190,60,100,0.76,0.655,0.704,0.419,39.8,1.6
cpdino-vitb,CLD-AIM-04 PIG 10x Training Positiv_12,CLD-AIM-04,differentiated,347,341,-6,-0.017,212,129,135,0.622,0.611,0.616,0.241,32.6,1.69
cpdino-vitb,CLD-AIM-04 PIG 10x Training Positiv_13,CLD-AIM-04,differentiated,365,303,-62,-0.17,251,52,114,0.828,0.688,0.751,0.503,37,1.68
cpdino-vitb,CLD-AIM-04 PIG 10x Training Positiv_14,CLD-AIM-04,differentiated,320,348,28,0.087,254,94,66,0.73,0.794,0.76,0.593,35.6,1.66
cpdino-vitb,CLD-AIM-04 PIG 10x Training Positiv_15,CLD-AIM-04,differentiated,327,328,1,0.003,234,94,93,0.713,0.716,0.715,0.534,37.1,1.68
cpdino-vitb,CLD-AIM-04 PIG 10x Training Positiv_16,CLD-AIM-04,differentiated,295,304,9,0.031,235,69,60,0.773,0.797,0.785,0.538,45.8,1.8
cpdino-vitb,CLD-AIM-04 PIG 10x Training Positiv_17,CLD-AIM-04,differentiated,312,307,-5,-0.016,199,108,113,0.648,0.638,0.643,0.107,42,1.88
cpdino-vitb,CLD-AIM-04 PIG 10x Training Positiv_18,CLD-AIM-04,differentiated,283,249,-34,-0.12,209,40,74,0.839,0.739,0.786,0.489,41.7,1.67
cpdino-vitb,CLD-AIM-04 PIG 10x Training Positiv_19,CLD-AIM-04,differentiated,284,279,-5,-0.018,179,100,105,0.642,0.63,0.636,0.199,36,1.65
cpdino-vitb,CLD-AIM-04 PIG 10x Training Positiv_21,CLD-AIM-04,differentiated,315,140,-175,-0.556,126,14,189,0.9,0.4,0.554,0.4,39.8,1.58
cpdino-vitb,CLD-AIM-04 PIG 10x Training Positiv_22,CLD-AIM-04,differentiated,394,274,-120,-0.305,100,174,294,0.365,0.254,0.299,0.18,39,1.58
cpdino-vitb,CLD-AIM-04 PIG 10x Training Positiv_23,CLD-AIM-04,differentiated,384,202,-182,-0.474,143,59,241,0.708,0.372,0.488,0.249,33.2,1.62
cpdino-vitb,CLD-AIM-04 PIG 10x Training Positiv_24,CLD-AIM-04,differentiated,427,236,-191,-0.447,183,53,244,0.775,0.429,0.552,0.268,35.2,1.73
cpdino-vitb,CLD-AIM-04 PIG 10x Training Positiv_25,CLD-AIM-04,differentiated,317,163,-154,-0.486,123,40,194,0.755,0.388,0.512,0.304,34.7,1.57
cpdino-vitb,CLD-AIM-04 PIG 10x Training Positiv_26,CLD-AIM-04,differentiated,358,320,-38,-0.106,111,209,247,0.347,0.31,0.327,0.177,34.4,1.6
cpdino-vitb,CLD-AIM-04 PIG 10x Training Positiv_27,CLD-AIM-04,differentiated,350,388,38,0.109,246,142,104,0.634,0.703,0.667,0.309,32.8,1.71
cpdino-vitb,CLD-AIM-04 PIG 10x Training Positiv_28,CLD-AIM-04,differentiated,275,328,53,0.193,200,128,75,0.61,0.727,0.663,0.295,35.3,1.69
cpdino-vitb,CLD-AIM-04 PIG 10x Training Positiv_29,CLD-AIM-04,differentiated,285,229,-56,-0.196,155,74,130,0.677,0.544,0.603,0.374,34.1,1.62
cpdino-vitb,CLD-AIM-04 PIG 10x Training Positiv_30,CLD-AIM-04,differentiated,315,359,44,0.14,233,126,82,0.649,0.74,0.691,0.255,32,1.7
cpdino-vitb,CLD-AIM-04 PIG 10x Training Positiv_7,CLD-AIM-04,differentiated,304,351,47,0.155,245,106,59,0.698,0.806,0.748,0.516,38.8,1.69
cpdino-vitb,CLD-AIM-04 PIG 10x Training Positiv_8,CLD-AIM-04,differentiated,427,487,60,0.141,365,122,62,0.749,0.855,0.799,0.556,37.9,1.8
cpdino-vitb,CLD-AIM-04 PIG 10x Training Positiv_9,CLD-AIM-04,differentiated,342,341,-1,-0.003,264,77,78,0.774,0.772,0.773,0.533,38.9,1.66
cpdino-vitb,PAD11a_B1_10x_Diff,PAD11a,differentiated,361,406,45,0.125,258,148,103,0.635,0.715,0.673,0.316,36.1,1.8
cpdino-vitb,PAD11a_D1_10x_Ctrl,PAD11a,control,5,64,59,11.8,4,60,1,0.062,0.8,0.116,0.116,37,1.47
cpdino-vitb,PAD11c_B5_10x_Diff,PAD11c,differentiated,182,178,-4,-0.022,128,50,54,0.719,0.703,0.711,0.4,37.7,1.61
cpdino-vitb,PAD11c_D5_10x_Ctrl,PAD11c,control,2,53,51,25.5,2,51,0,0.038,1,0.073,0.073,32.9,1.48
