model,condition,n_images,n_true_total,n_pred_total,F1@0.5_mean,F1@0.5_std,F1@0.5_min,F1@0.5_max,pooled_F1@0.5,F1@0.75_mean,precision@0.5_mean,recall@0.5_mean,abs_count_error_median,pooled_count_error,time_s_mean,peak_gpu_gb_max
cpsam_v2,control,3,12,135,0.09,0.024,0.074,0.118,0.082,0.039,0.054,0.6,13.2,10.25,3.62,1.6
cpsam_v2,differentiated,25,8196,19798,0.434,0.258,0.016,0.736,0.275,0.276,0.415,0.481,0.18,1.416,3.67,1.6
cpsam_v2,all,28,8208,19933,0.397,0.266,0.016,0.736,0.274,0.251,0.377,0.494,0.305,1.428,3.66,1.6
cpsam,control,3,12,141,0.188,0.184,0.068,0.4,0.105,0.054,0.162,0.733,14.8,10.75,3.54,1.6
cpsam,differentiated,25,8196,19301,0.465,0.268,0.009,0.758,0.291,0.279,0.449,0.502,0.197,1.355,3.7,1.6
cpsam,all,28,8208,19442,0.435,0.272,0.009,0.758,0.29,0.255,0.418,0.527,0.209,1.369,3.68,1.6
cpdino,control,3,12,229,0.06,0.056,0,0.112,0.058,0.037,0.031,0.667,16.4,18.083,3.39,1.29
cpdino,differentiated,25,8196,12981,0.617,0.237,0.065,0.799,0.506,0.38,0.6,0.661,0.106,0.584,3.57,1.29
cpdino,all,28,8208,13210,0.557,0.284,0,0.799,0.501,0.344,0.539,0.661,0.115,0.609,3.55,1.29
cpdino-vitb,control,3,12,486,0.063,0.059,0,0.116,0.024,0.063,0.033,0.6,25.5,39.5,1.5,0.7
cpdino-vitb,differentiated,25,8196,7474,0.65,0.135,0.299,0.799,0.653,0.37,0.693,0.632,0.125,-0.088,1.68,0.7
cpdino-vitb,all,28,8208,7960,0.587,0.225,0,0.799,0.634,0.337,0.622,0.629,0.139,-0.03,1.66,0.7
